course_key,course_name,module_key,hk,sub_hk,topic,difficulty,question_type,question,option_a,option_b,option_c,option_d,correct_option,explanation,source,source_url
strassenbau,Strassenbauer/in EFZ,stb_hk1,HK1,1.1,Arbeitssicherheit und Gesundheitsschutz,easy,single_choice,Welche persönliche Schutzausrüstung gehört auf einer normalen Strassenbaustelle zur Grundausrüstung?,"Helm, Sicherheitsschuhe und Warnkleidung","Turnschuhe, Sonnenbrille und Sommerjacke","Handschuhe, Cap und Stoffhose","Gehörschutz, Sandalen und Polohemd",A,"Helm, Sicherheitsschuhe und Warnkleidung gehören zur grundlegenden PSA und müssen gemäss Vorschriften konsequent getragen werden.","Bildungsplan Verkehrswegbau EFZ, Infra Suisse/SBFI",https://infra-suisse.ch/wp-content/uploads/2016/09/bildungsplan-2014_verkehrswegbau_efz_infra.pdf
strassenbau,Strassenbauer/in EFZ,stb_hk1,HK1,1.1,Arbeitssicherheit und Gesundheitsschutz,easy,single_choice,Was ist der wichtigste Zweck der persönlichen Schutzausrüstung?,Sie ersetzt die Baustellensignalisation und Sperren,Sie schützt vor Verletzungen und Gesundheitsrisiken,Sie beschleunigt den Arbeitsablauf gemäss Vorgabe,Sie ist nur bei Regen oder Schnee vorgeschrieben,B,"PSA reduziert Verletzungs- und Gesundheitsrisiken, ersetzt aber keine weiteren Sicherheitsmassnahmen.","Bildungsplan Verkehrswegbau EFZ, Infra Suisse/SBFI",https://infra-suisse.ch/wp-content/uploads/2016/09/bildungsplan-2014_verkehrswegbau_efz_infra.pdf
strassenbau,Strassenbauer/in EFZ,stb_hk1,HK1,1.1,Gefahren erkennen,medium,single_choice,Welche Gefahr ist beim Arbeiten neben dem öffentlichen Verkehr besonders zu beachten?,Zu wenig Beton in der Mischtrommel,Blendung durch falsche Bürobeleuchtung,Anprall durch Fahrzeuge oder Maschinen,Zu tiefe Raum- und Lagertemperatur,C,Verkehr und Maschinenbewegungen gehören zu den zentralen Gefahren auf Strassenbaustellen.,"Bildungsplan Verkehrswegbau EFZ, Infra Suisse/SBFI",https://infra-suisse.ch/wp-content/uploads/2016/09/bildungsplan-2014_verkehrswegbau_efz_infra.pdf
strassenbau,Strassenbauer/in EFZ,stb_hk1,HK1,1.1,Notfallkonzept,medium,single_choice,Was muss ein Lernender im Notfall zuerst sicherstellen?,Dass die Arbeit zügig fertiggestellt wird,Dass die Stelle gesichert und Hilfe alarmiert ist,Dass alle Werkzeuge gereinigt und versorgt sind,Dass der Tagesrapport ordnungsgemäss vorliegt,B,"Im Notfall haben Sicherung der Unfallstelle, Eigenschutz und Alarmierung Vorrang.","Bildungsplan Verkehrswegbau EFZ, Infra Suisse/SBFI",https://infra-suisse.ch/wp-content/uploads/2016/09/bildungsplan-2014_verkehrswegbau_efz_infra.pdf
strassenbau,Strassenbauer/in EFZ,stb_hk1,HK1,1.1,Sicherheitsverhalten,medium,single_choice,Warum ist Alkohol- oder Drogenkonsum vor der Arbeit besonders gefährlich?,Weil dadurch die Arbeitsgeschwindigkeit unkontrolliert steigt,"Weil Konzentration, Reaktion und Urteil beeinträchtigt sind",Weil Maschinen dadurch deutlich weniger Treibstoff verbrauchen,Weil dies nur bei reinen Büroarbeiten relevant wird,B,Substanzen können Reaktionsfähigkeit und Urteilsvermögen stark beeinträchtigen und erhöhen das Unfallrisiko.,"Bildungsplan Verkehrswegbau EFZ, Infra Suisse/SBFI",https://infra-suisse.ch/wp-content/uploads/2016/09/bildungsplan-2014_verkehrswegbau_efz_infra.pdf
strassenbau,Strassenbauer/in EFZ,stb_hk1,HK1,1.1,Gefahren erkennen,hard,single_choice,Du bemerkst eine ungesicherte Grube neben einem Gehweg. Was ist die fachlich richtige Reaktion?,Weiterarbeiten und Passanten verbal warnen,Sichern oder melden und Zugang verhindern,Werkzeug als Markierung daneben legen,Grube mit Wasser auffüllen lassen,B,"Gefahrenstellen müssen sofort gesichert oder gemeldet werden, besonders wenn Dritte gefährdet sind.","Bildungsplan Verkehrswegbau EFZ, Infra Suisse/SBFI",https://infra-suisse.ch/wp-content/uploads/2016/09/bildungsplan-2014_verkehrswegbau_efz_infra.pdf
strassenbau,Strassenbauer/in EFZ,stb_hk1,HK1,1.2,Baustellenvorbereitung,easy,single_choice,Welche Unterlagen helfen bei der Vorbereitung einer Tagesbaustelle besonders?,"Plan, Auftrag, Materialliste, Sicherheit",Ferienplan und private Notizen vom Vortag,Ein Foto der Baustelle vom Vorarbeiter,Wetterbericht der vergangenen Woche,A,"Für die Vorbereitung braucht es Auftrag, Pläne, Material, Maschinen und Sicherheitsvorgaben.","Bildungsplan Verkehrswegbau EFZ, Infra Suisse/SBFI",https://infra-suisse.ch/wp-content/uploads/2016/09/bildungsplan-2014_verkehrswegbau_efz_infra.pdf
strassenbau,Strassenbauer/in EFZ,stb_hk1,HK1,1.2,Arbeitsablauf,medium,single_choice,Warum wird ein Arbeitsablauf vor Beginn sinnvoll geordnet?,"Damit Wege, Wartezeiten und Fehler sinken",Damit die Baustelle möglichst lange dauert,Damit weniger Sicherheitsregeln gelten müssen,Damit gar keine Maschinen gebraucht werden,A,"Eine sinnvolle Reihenfolge erhöht Effizienz, Qualität und Sicherheit.","Bildungsplan Verkehrswegbau EFZ, Infra Suisse/SBFI",https://infra-suisse.ch/wp-content/uploads/2016/09/bildungsplan-2014_verkehrswegbau_efz_infra.pdf
strassenbau,Strassenbauer/in EFZ,stb_hk1,HK1,1.2,Materialbereitstellung,easy,single_choice,"Was bedeutet es, Material und Geräte gemäss Auftrag bereitzustellen?",Sämtliches verfügbares Material auf die Baustelle bringen,Nur benötigtes Material und passende Geräte rechtzeitig,Das Material erst nach Arbeitsende kurzfristig bestellen,Vorhandene Geräte ungeprüft und ohne Kontrolle nutzen,B,Passendes Material und geeignete Geräte müssen rechtzeitig und auftragsbezogen bereitstehen.,"Bildungsplan Verkehrswegbau EFZ, Infra Suisse/SBFI",https://infra-suisse.ch/wp-content/uploads/2016/09/bildungsplan-2014_verkehrswegbau_efz_infra.pdf
strassenbau,Strassenbauer/in EFZ,stb_hk1,HK1,1.2,Baustellenvorbereitung,hard,single_choice,Welche Folge kann eine schlecht vorbereitete Baustelle haben?,Tendenziell weniger Unfälle und Risiken,Höhere Qualität ohne weitere Kontrollen,"Verzögerungen, Mehrkosten und Risiken",Automatisch tieferer Materialverbrauch,C,"Mangelhafte Vorbereitung führt häufig zu Verzögerungen, Fehlern, Mehrkosten und erhöhtem Risiko.","Bildungsplan Verkehrswegbau EFZ, Infra Suisse/SBFI",https://infra-suisse.ch/wp-content/uploads/2016/09/bildungsplan-2014_verkehrswegbau_efz_infra.pdf
strassenbau,Strassenbauer/in EFZ,stb_hk1,HK1,1.3,Umweltschutz,easy,single_choice,Was ist beim Entsorgen von Baustellenmaterialien richtig?,Alles unsortiert in dieselbe Mulde werfen,Materialien trennen und fachgerecht entsorgen,Nur den sichtbaren Abfall oberflächlich trennen,Gefährliche Stoffe direkt im Boden versickern,B,Materialien müssen getrennt und gemäss Entsorgungsvorgaben verwertet oder entsorgt werden.,"Bildungsplan Verkehrswegbau EFZ, Infra Suisse/SBFI",https://infra-suisse.ch/wp-content/uploads/2016/09/bildungsplan-2014_verkehrswegbau_efz_infra.pdf
strassenbau,Strassenbauer/in EFZ,stb_hk1,HK1,1.3,Mehrmuldenkonzept,medium,single_choice,Wozu dient das Mehrmuldenkonzept?,Zur getrennten Sammlung verschiedener Stoffarten,Zur sicheren Lagerung von Trinkwasser auf der Baustelle,Zum Transport von Personen zwischen Bauabschnitten,Zur mechanischen Verdichtung von Walzasphalt,A,Das Mehrmuldenkonzept unterstützt die fachgerechte Trennung und Wiederverwertung.,"Bildungsplan Verkehrswegbau EFZ, Infra Suisse/SBFI",https://infra-suisse.ch/wp-content/uploads/2016/09/bildungsplan-2014_verkehrswegbau_efz_infra.pdf
strassenbau,Strassenbauer/in EFZ,stb_hk1,HK1,1.3,Grundwasserschutz,medium,single_choice,Warum dürfen Treibstoffe nicht ungesichert auf der Baustelle gelagert werden?,Weil sie an der Sonne ihre Farbe verlieren können,Weil sie Boden und Grundwasser verschmutzen können,Weil sie den Beton schneller aushärten lassen können,Weil sie nur in den Wintermonaten gefährlich sind,B,Treibstoffe und gefährliche Stoffe können bei Austritt Boden und Grundwasser schädigen.,"Bildungsplan Verkehrswegbau EFZ, Infra Suisse/SBFI",https://infra-suisse.ch/wp-content/uploads/2016/09/bildungsplan-2014_verkehrswegbau_efz_infra.pdf
strassenbau,Strassenbauer/in EFZ,stb_hk1,HK1,1.3,Emissionen,medium,single_choice,Welche Massnahme reduziert Staub auf einer Baustelle?,Trockenes Material aktiv aufwirbeln lassen,Flächen befeuchten und staubarm arbeiten,Abfälle und Reste auf der Baustelle verbrennen,Maschinen ständig im Leerlauf weiterlaufen lassen,B,Befeuchten und angepasste Arbeitsmethoden können Staubemissionen reduzieren.,"Bildungsplan Verkehrswegbau EFZ, Infra Suisse/SBFI",https://infra-suisse.ch/wp-content/uploads/2016/09/bildungsplan-2014_verkehrswegbau_efz_infra.pdf
strassenbau,Strassenbauer/in EFZ,stb_hk1,HK1,1.3,Umweltunfall,hard,single_choice,Ein Kanister mit Diesel läuft aus. Was ist zuerst zu tun?,Weiterarbeiten und nach Feierabend reinigen,"Stoppen, Bindemittel einsetzen, Vorgesetzte melden",Diesel mit Wasser in die Wiese spülen,Den Kanister in die offene Baugrube werfen,B,"Bei umweltgefährdenden Stoffen sind Sofortmassnahmen nötig: Ausbreitung stoppen, aufnehmen und melden.","Bildungsplan Verkehrswegbau EFZ, Infra Suisse/SBFI",https://infra-suisse.ch/wp-content/uploads/2016/09/bildungsplan-2014_verkehrswegbau_efz_infra.pdf
strassenbau,Strassenbauer/in EFZ,stb_hk1,HK1,1.4,Rapportieren,easy,single_choice,Welche Angabe gehört in einen Tagesrapport?,Persönliches Lieblingswerkzeug der Lernenden,"Mengen, Personal, Maschinen und Arbeiten",Privatadresse aller Mitarbeitenden der Equipe,Wetterbericht der gesamten Vorwoche,B,"Rapporte müssen nachvollziehbare Angaben zu Leistung, Personal, Maschinen und Mengen enthalten.","Bildungsplan Verkehrswegbau EFZ, Infra Suisse/SBFI",https://infra-suisse.ch/wp-content/uploads/2016/09/bildungsplan-2014_verkehrswegbau_efz_infra.pdf
strassenbau,Strassenbauer/in EFZ,stb_hk1,HK1,1.4,Ausmass,medium,single_choice,Wozu dient ein Ausmass?,Zur Ermittlung und Dokumentation der Mengen,Zur Festlegung der Pausenzeit für die Equipe,Zum dekorativen Beschriften der Baustelle,Zum Ersetzen geltender Sicherheitsvorschriften,A,"Ein Ausmass dokumentiert Mengen und ist wichtig für Kontrolle, Abrechnung und Nachvollziehbarkeit.","Bildungsplan Verkehrswegbau EFZ, Infra Suisse/SBFI",https://infra-suisse.ch/wp-content/uploads/2016/09/bildungsplan-2014_verkehrswegbau_efz_infra.pdf
strassenbau,Strassenbauer/in EFZ,stb_hk1,HK1,1.4,Skizzen,medium,single_choice,Was macht eine Baustellenskizze nachvollziehbar?,Möglichst viele Farben ohne klare Masse,"Masse, Lagebezug und klare Beschriftung",Nur ein einzelner Pfeil als Markierung,Eine mündliche Erklärung ohne Zeichnung,B,"Eine gute Skizze enthält relevante Masse, Lagebezüge und verständliche Beschriftungen.","Bildungsplan Verkehrswegbau EFZ, Infra Suisse/SBFI",https://infra-suisse.ch/wp-content/uploads/2016/09/bildungsplan-2014_verkehrswegbau_efz_infra.pdf
strassenbau,Strassenbauer/in EFZ,stb_hk1,HK1,1.4,Dokumentation,hard,single_choice,Warum muss eine Dokumentation auch für Dritte verständlich sein?,"Damit Kontrolle, Weiterarbeit und Abrechnung möglich sind",Damit der Inhalt möglichst geheim und vertraulich bleibt,Damit künftig gar keine Baupläne mehr nötig werden,Damit kleine Ausführungsfehler weniger stark auffallen,A,"Dokumentationen müssen Arbeiten für Kontrolle, Übergabe und Abrechnung nachvollziehbar machen.","Bildungsplan Verkehrswegbau EFZ, Infra Suisse/SBFI",https://infra-suisse.ch/wp-content/uploads/2016/09/bildungsplan-2014_verkehrswegbau_efz_infra.pdf
strassenbau,Strassenbauer/in EFZ,stb_hk1,HK1,1.5,Kleinmaschinen,easy,single_choice,Was ist vor der Inbetriebnahme einer Kleinmaschine zu prüfen?,Nur die äussere Farbe der Maschine,"Zustand, Sicherheit und Betriebsbereitschaft",Ob sie optisch fabrikneu aussieht,Ob sie möglichst laut betrieben wird,B,"Vor dem Einsatz sind Zustand, Sicherheitsvorrichtungen und Betriebsbereitschaft zu kontrollieren.","Bildungsplan Verkehrswegbau EFZ, Infra Suisse/SBFI",https://infra-suisse.ch/wp-content/uploads/2016/09/bildungsplan-2014_verkehrswegbau_efz_infra.pdf
strassenbau,Strassenbauer/in EFZ,stb_hk1,HK1,1.5,Wartung,medium,single_choice,Was gehört zum Parkdienst einer Maschine?,"Reinigen, Kontrollieren, Schmieren, Abstellen",Maschine ungereinigt am Standort belassen,Treibstoff offen in den Boden entleeren,Lediglich den Zündschlüssel sauber abziehen,A,"Parkdienst umfasst Reinigung, Kontrolle, Pflege und sicheres Abstellen.","Bildungsplan Verkehrswegbau EFZ, Infra Suisse/SBFI",https://infra-suisse.ch/wp-content/uploads/2016/09/bildungsplan-2014_verkehrswegbau_efz_infra.pdf
strassenbau,Strassenbauer/in EFZ,stb_hk1,HK1,1.5,Maschineneinsatz,medium,single_choice,Warum müssen Treibstoffe und Schmiermittel passend zur Maschine gewählt werden?,Damit Motor und Bauteile sauber funktionieren,Damit die Maschine spürbar schwerer wird,Damit sichtbar mehr Abgasrauch entsteht,Damit weitere Wartungsarbeiten entfallen,A,Falsche Betriebsstoffe können Maschinen beschädigen und Umwelt- oder Sicherheitsprobleme verursachen.,"Bildungsplan Verkehrswegbau EFZ, Infra Suisse/SBFI",https://infra-suisse.ch/wp-content/uploads/2016/09/bildungsplan-2014_verkehrswegbau_efz_infra.pdf
strassenbau,Strassenbauer/in EFZ,stb_hk1,HK1,1.5,Maschinensicherheit,hard,single_choice,Eine Maschine zeigt vor Arbeitsbeginn einen Defekt an der Sicherheitsvorrichtung. Was ist richtig?,Trotzdem nutzen wenn es zeitlich dringend ist,Maschine nicht verwenden und den Defekt melden,Sicherheitsvorrichtung kurzerhand selbst entfernen,Maschine nur im langsamen Modus weiter nutzen,B,Defekte Sicherheitsvorrichtungen sind ein Ausschlussgrund für den Einsatz und müssen gemeldet werden.,"Bildungsplan Verkehrswegbau EFZ, Infra Suisse/SBFI",https://infra-suisse.ch/wp-content/uploads/2016/09/bildungsplan-2014_verkehrswegbau_efz_infra.pdf
strassenbau,Strassenbauer/in EFZ,stb_hk2,HK2,2.1,Baustelleneinrichtung,easy,single_choice,Was gehört zu einer betriebsbereiten Baustelle?,"Zugänge, Signalisation und Arbeitsmittel",Nur eine offene und ebene Materialfläche,Eine Baustelle gänzlich ohne Absperrung,Werkzeuge ohne erkennbare Ordnung,A,"Eine Baustelle ist betriebsbereit, wenn Sicherheit, Organisation und Arbeitsmittel gewährleistet sind.","Bildungsplan Verkehrswegbau EFZ, Infra Suisse/SBFI",https://infra-suisse.ch/wp-content/uploads/2016/09/bildungsplan-2014_verkehrswegbau_efz_infra.pdf
strassenbau,Strassenbauer/in EFZ,stb_hk2,HK2,2.1,Baustellensignalisation,medium,single_choice,Warum muss die Baustellensignalisation normgerecht aufgestellt werden?,Damit Verkehr und Arbeitende geschützt werden,Damit die Baustelle insgesamt schöner aussieht,Damit weniger Material und Personal nötig ist,Damit keinerlei Baupläne mehr nötig werden,A,"Normgerechte Signalisation schützt Arbeitende, Verkehr und Dritte.","Bildungsplan Verkehrswegbau EFZ, Infra Suisse/SBFI",https://infra-suisse.ch/wp-content/uploads/2016/09/bildungsplan-2014_verkehrswegbau_efz_infra.pdf
strassenbau,Strassenbauer/in EFZ,stb_hk2,HK2,2.1,Baustelleneinrichtung,medium,single_choice,Was ist bei der Einrichtung einer Baustelle besonders wichtig?,Material lagern für sichere Wege und Abläufe,Material grossflächig und zufällig verteilen,Zufahrten und Notausgänge blockieren,Warnkleidung auf der Baustelle vermeiden,A,Sichere und effiziente Abläufe hängen stark von guter Ordnung und Materialplatzierung ab.,"Bildungsplan Verkehrswegbau EFZ, Infra Suisse/SBFI",https://infra-suisse.ch/wp-content/uploads/2016/09/bildungsplan-2014_verkehrswegbau_efz_infra.pdf
strassenbau,Strassenbauer/in EFZ,stb_hk2,HK2,2.1,Kontrolle,hard,single_choice,Was kontrollierst du vor Arbeitsbeginn auf einer eingerichteten Baustelle?,Nur ob auf der Baustelle Kaffee vorhanden ist,"Sicherheit, Vollständigkeit, Betriebsbereitschaft",Nur die Farbe der eingesetzten Absperrungen,Nur ob niemand Rückfragen zur Arbeit stellt,B,"Die Einrichtung muss auf Sicherheit, Vollständigkeit und Betriebsbereitschaft geprüft werden.","Bildungsplan Verkehrswegbau EFZ, Infra Suisse/SBFI",https://infra-suisse.ch/wp-content/uploads/2016/09/bildungsplan-2014_verkehrswegbau_efz_infra.pdf
strassenbau,Strassenbauer/in EFZ,stb_hk2,HK2,2.2,Einmessen,easy,single_choice,Wozu dienen Referenzpunkte beim Abstecken?,Zur genauen Übertragung von Lage und Höhe,Zur ästhetischen Dekoration der Baustelle,Zum geordneten Lagern von Handwerkzeugen,Zum Messen von Lufttemperatur und Wind,A,Referenzpunkte ermöglichen die genaue Übertragung von Plänen ins Gelände.,"Bildungsplan Verkehrswegbau EFZ, Infra Suisse/SBFI",https://infra-suisse.ch/wp-content/uploads/2016/09/bildungsplan-2014_verkehrswegbau_efz_infra.pdf
strassenbau,Strassenbauer/in EFZ,stb_hk2,HK2,2.2,Höhenmessung,medium,single_choice,Welche Folge kann eine falsche Höhenmessung haben?,"Falsches Gefälle und fehlerhafte Anschlüsse",Automatisch deutlich bessere Verdichtung,Insgesamt weniger Kontrollbedarf im Bauprozess,Mehr Sicherheit auch ohne weitere Massnahmen,A,"Höhenfehler können Funktion, Entwässerung und Anschlüsse stark beeinträchtigen.","Bildungsplan Verkehrswegbau EFZ, Infra Suisse/SBFI",https://infra-suisse.ch/wp-content/uploads/2016/09/bildungsplan-2014_verkehrswegbau_efz_infra.pdf
strassenbau,Strassenbauer/in EFZ,stb_hk2,HK2,2.2,Messgeräte,medium,single_choice,Wie sind Messgeräte auf der Baustelle zu behandeln?,Sorgfältig und gemäss Bedienungsvorgaben,Gleich behandelt wie einfache Schaufeln,Ungeschützt im Regen und im Schmutz,Grob da Messungen ohnehin gleich sind,A,"Messgeräte müssen sorgfältig behandelt werden, weil Messfehler grosse Folgen haben können.","Bildungsplan Verkehrswegbau EFZ, Infra Suisse/SBFI",https://infra-suisse.ch/wp-content/uploads/2016/09/bildungsplan-2014_verkehrswegbau_efz_infra.pdf
strassenbau,Strassenbauer/in EFZ,stb_hk2,HK2,2.2,Kontrollmessung,hard,single_choice,Wann ist eine Kontrollmessung besonders sinnvoll?,Wenn Lage oder Höhe für Folgearbeiten zählt,Ausschliesslich nach dem regulären Feierabend,Wenn überhaupt keine Pläne vorhanden sind,Nie wenn besonders schnell gearbeitet wird,A,"Kontrollmessungen sichern die Qualität, besonders bei massgebenden Höhen und Linien.","Bildungsplan Verkehrswegbau EFZ, Infra Suisse/SBFI",https://infra-suisse.ch/wp-content/uploads/2016/09/bildungsplan-2014_verkehrswegbau_efz_infra.pdf
strassenbau,Strassenbauer/in EFZ,stb_hk2,HK2,2.3,Schalung,easy,single_choice,Welche Aufgabe hat eine Schalung beim Betonieren?,Sie gibt dem Beton bis zum Erhärten die Form,Sie ersetzt die statisch nötige Bewehrung,Sie dient ausschliesslich der Dekoration,Sie macht jede Nachbehandlung unnötig,A,"Schalungen halten den frischen Beton in Form, bis er ausreichend erhärtet ist.","Bildungsplan Verkehrswegbau EFZ, Infra Suisse/SBFI",https://infra-suisse.ch/wp-content/uploads/2016/09/bildungsplan-2014_verkehrswegbau_efz_infra.pdf
strassenbau,Strassenbauer/in EFZ,stb_hk2,HK2,2.3,Bewehrung,medium,single_choice,Welche Funktion hat Bewehrung im Stahlbeton?,Sie nimmt Zugkräfte auf und stützt die Tragfähigkeit,Sie macht den Frischbeton beim Einbau flüssiger,Sie ersetzt die ringsum aufgestellte Schalung,Sie verhindert jede Form von Rissbildung im Beton,A,"Bewehrung ergänzt Beton, indem sie Zugkräfte aufnehmen kann.","Bildungsplan Verkehrswegbau EFZ, Infra Suisse/SBFI",https://infra-suisse.ch/wp-content/uploads/2016/09/bildungsplan-2014_verkehrswegbau_efz_infra.pdf
strassenbau,Strassenbauer/in EFZ,stb_hk2,HK2,2.3,Betonverdichtung,medium,single_choice,Warum wird Beton verdichtet?,"Um Hohlräume zu reduzieren und tragfähig zu sein",Um zusätzliche Luftblasen aktiv einzubauen,Um die Oberfläche schneller zu verschmutzen,Um die Schalung anschliessend zu entfernen,A,Verdichtung reduziert Lufteinschlüsse und verbessert Festigkeit und Dauerhaftigkeit.,"Bildungsplan Verkehrswegbau EFZ, Infra Suisse/SBFI",https://infra-suisse.ch/wp-content/uploads/2016/09/bildungsplan-2014_verkehrswegbau_efz_infra.pdf
strassenbau,Strassenbauer/in EFZ,stb_hk2,HK2,2.3,Nachbehandlung,hard,single_choice,Warum ist die Nachbehandlung von Beton wichtig?,Schutz vor Austrocknen und für die Festigkeit,Ersetzt jede sonstige Kontrolle und Prüfung,Macht den Beton sofort voll belastbar,Dient lediglich der optischen Wirkung,A,Nachbehandlung verhindert schädliches Austrocknen und unterstützt die Erhärtung.,"Bildungsplan Verkehrswegbau EFZ, Infra Suisse/SBFI",https://infra-suisse.ch/wp-content/uploads/2016/09/bildungsplan-2014_verkehrswegbau_efz_infra.pdf
strassenbau,Strassenbauer/in EFZ,stb_hk2,HK2,2.4,Fertigteile versetzen,easy,single_choice,Worauf müssen Betonfertigteile beim Versetzen aufliegen?,"Vorbereitete, tragfähige und ebene Unterlage",Auf losem und durchfeuchtetem Bauabfall,Direkt auf stehendem Wasser im Graben,Auf ungeprüftem Humus oder Oberboden,A,"Fertigteile benötigen eine geeignete Unterlage, damit Lage und Stabilität stimmen.","Bildungsplan Verkehrswegbau EFZ, Infra Suisse/SBFI",https://infra-suisse.ch/wp-content/uploads/2016/09/bildungsplan-2014_verkehrswegbau_efz_infra.pdf
strassenbau,Strassenbauer/in EFZ,stb_hk2,HK2,2.4,Montage,medium,single_choice,Warum müssen Versetzvorschriften eingehalten werden?,"Damit Teile sicher, lagegenau und unbeschädigt sind",Damit die ausgeführte Arbeit beliebig wird,Damit später keine Kontrolle mehr nötig ist,Damit sichtbar mehr Material verbraucht wird,A,"Versetzvorschriften sichern Qualität, Sicherheit und Dauerhaftigkeit.","Bildungsplan Verkehrswegbau EFZ, Infra Suisse/SBFI",https://infra-suisse.ch/wp-content/uploads/2016/09/bildungsplan-2014_verkehrswegbau_efz_infra.pdf
strassenbau,Strassenbauer/in EFZ,stb_hk2,HK2,2.4,Schutzmassnahmen,medium,single_choice,Wie schützt man Fertigteile während des Bauprozesses?,"Sorgfältiger Transport, geeignete Lagerung",Mit Schwung auf die Baustelle werfen,Direkt im Bereich von Fahrwegen lagern,Sämtliche Kanten vorab grob entfernen,A,Fertigteile müssen vor mechanischen Schäden und Witterung geschützt werden.,"Bildungsplan Verkehrswegbau EFZ, Infra Suisse/SBFI",https://infra-suisse.ch/wp-content/uploads/2016/09/bildungsplan-2014_verkehrswegbau_efz_infra.pdf
strassenbau,Strassenbauer/in EFZ,stb_hk2,HK2,2.4,Sichtkontrolle,hard,single_choice,Was kann bei einer visuellen Kontrolle von Fertigteilen erkannt werden?,"Schäden, falsche Lage, Montagefehler",Nur das exakte Gewicht des Bauteils,Nur das Alter des verwendeten Betons,Praktisch keinerlei fachliche Mängel,A,"Sichtkontrollen helfen, Schäden und Ausführungsmängel frühzeitig zu erkennen.","Bildungsplan Verkehrswegbau EFZ, Infra Suisse/SBFI",https://infra-suisse.ch/wp-content/uploads/2016/09/bildungsplan-2014_verkehrswegbau_efz_infra.pdf
strassenbau,Strassenbauer/in EFZ,stb_hk2,HK2,2.5,Baustelle abräumen,easy,single_choice,Was bedeutet Baustelle fachgerecht abräumen?,"Material, Inventar, Signalisation geordnet entfernen",Sämtliches Material auf der Baustelle liegen lassen,Lediglich die eingesetzten Maschinen abholen lassen,Anfallende Abfälle direkt im Aushub vergraben,A,Beim Abräumen wird die Baustelle vollständig und vorschriftsgemäss zurückgegeben.,"Bildungsplan Verkehrswegbau EFZ, Infra Suisse/SBFI",https://infra-suisse.ch/wp-content/uploads/2016/09/bildungsplan-2014_verkehrswegbau_efz_infra.pdf
strassenbau,Strassenbauer/in EFZ,stb_hk2,HK2,2.5,Signalisation abräumen,medium,single_choice,Was ist beim Entfernen der Baustellensignalisation wichtig?,Entfernen erst wenn keine Gefahr mehr besteht,Sie wird grundsätzlich immer zuerst entfernt,Sie bleibt nach Bauende dauerhaft bestehen,Sie wird unsortiert am Strassenrand gelagert,A,Signalisation schützt bis zum Ende der Gefährdung und muss kontrolliert entfernt werden.,"Bildungsplan Verkehrswegbau EFZ, Infra Suisse/SBFI",https://infra-suisse.ch/wp-content/uploads/2016/09/bildungsplan-2014_verkehrswegbau_efz_infra.pdf
strassenbau,Strassenbauer/in EFZ,stb_hk2,HK2,2.5,Transport,medium,single_choice,Was bedeutet Transporttauglichkeit von Material?,"Gesichert, sauber, ohne Gefahr transportierbar",Material liegt lose und ungesichert auf dem Lkw,Material ist möglichst nass und schwer geladen,Material wird ungeprüft und sehr eilig geladen,A,Transporttaugliches Material ist für sicheren Abtransport vorbereitet und gesichert.,"Bildungsplan Verkehrswegbau EFZ, Infra Suisse/SBFI",https://infra-suisse.ch/wp-content/uploads/2016/09/bildungsplan-2014_verkehrswegbau_efz_infra.pdf
strassenbau,Strassenbauer/in EFZ,stb_hk2,HK2,2.5,Rückgabe,hard,single_choice,Warum wird die Baustelle vor der Rückgabe kontrolliert?,"Bestätigung Vollständigkeit, Sicherheit, Zustand",Um die laufende Arbeit gezielt zu verzögern,Um aufgetretene Fehler vor Dritten zu verstecken,Um keine offizielle Meldung machen zu müssen,A,"Die Abschlusskontrolle stellt sicher, dass alle Vorgaben erfüllt sind.","Bildungsplan Verkehrswegbau EFZ, Infra Suisse/SBFI",https://infra-suisse.ch/wp-content/uploads/2016/09/bildungsplan-2014_verkehrswegbau_efz_infra.pdf
strassenbau,Strassenbauer/in EFZ,stb_hk7,HK7,7.1,Aushub,easy,single_choice,Was ist beim Humusabtrag besonders wichtig?,Humus getrennt abtragen und sauber lagern,Humus mit Kies und Splitt vermischen,Humus als Fundationsschicht einbauen,Humus in die Mischkanalisation spülen,A,Bodenmaterialien müssen getrennt behandelt und deponiert werden.,"Bildungsplan Verkehrswegbau EFZ, Infra Suisse/SBFI",https://infra-suisse.ch/wp-content/uploads/2016/09/bildungsplan-2014_verkehrswegbau_efz_infra.pdf
strassenbau,Strassenbauer/in EFZ,stb_hk7,HK7,7.1,Bodenmaterial,medium,single_choice,Warum werden Bodenmaterialien getrennt deponiert?,Für korrekte Wiederverwendung oder Entsorgung,Damit nachher deutlich mehr Platz verbraucht wird,Damit sich die Materialien schneller vermischen,Damit keine weitere Kontrolle mehr nötig wird,A,"Getrennte Deponierung ermöglicht korrekte Wiederverwendung, Entsorgung und Qualitätssicherung.","Bildungsplan Verkehrswegbau EFZ, Infra Suisse/SBFI",https://infra-suisse.ch/wp-content/uploads/2016/09/bildungsplan-2014_verkehrswegbau_efz_infra.pdf
strassenbau,Strassenbauer/in EFZ,stb_hk7,HK7,7.1,Planum,easy,single_choice,Was ist ein Planum im Strassenbau?,Profilgerechte Unterlage für den Oberbau,Die fertig eingebaute Asphaltdeckschicht,Ein Standard-Rapportformular der Baustelle,Ein häufig genutztes Baustellenfahrzeug,A,Das Planum bildet die vorbereitete Grundlage für weitere Schichten.,"Bildungsplan Verkehrswegbau EFZ, Infra Suisse/SBFI",https://infra-suisse.ch/wp-content/uploads/2016/09/bildungsplan-2014_verkehrswegbau_efz_infra.pdf
strassenbau,Strassenbauer/in EFZ,stb_hk7,HK7,7.1,Tragfähigkeit,medium,single_choice,Warum ist die Tragfähigkeit des Planums wichtig?,Sie beeinflusst Stabilität und Lebensdauer der Strasse,Sie bestimmt die Farbe des aufgebrachten Asphalts,Sie ersetzt eine fachgerecht eingebaute Entwässerung,Sie ist ausschliesslich für Gehwege wirklich relevant,A,Ein tragfähiges Planum ist Voraussetzung für einen dauerhaften Strassenoberbau.,"Bildungsplan Verkehrswegbau EFZ, Infra Suisse/SBFI",https://infra-suisse.ch/wp-content/uploads/2016/09/bildungsplan-2014_verkehrswegbau_efz_infra.pdf
strassenbau,Strassenbauer/in EFZ,stb_hk7,HK7,7.1,Aushubsicherheit,hard,single_choice,Welche Massnahme reduziert Gefahren bei Aushubarbeiten?,Grabenränder sichern und Abstände einhalten,Material direkt an die Grabenkante kippen lassen,Ohne weitere Kontrolle in den Graben steigen,Sämtliche Absperrungen rund um den Graben entfernen,A,"Sicherung, Abstand und Kontrolle reduzieren Einsturz- und Unfallgefahren.","Bildungsplan Verkehrswegbau EFZ, Infra Suisse/SBFI",https://infra-suisse.ch/wp-content/uploads/2016/09/bildungsplan-2014_verkehrswegbau_efz_infra.pdf
strassenbau,Strassenbauer/in EFZ,stb_hk7,HK7,7.2,Grabenbau,easy,single_choice,Wozu dient eine Grabenspriessung?,Sie verhindert das Einstürzen der Grabenwände,Sie ersetzt das eigentliche Kanalisationsrohr,Sie erhöht den Wasserverbrauch der Baustelle,Sie dient nur als optische Markierungslinie,A,Spriessungen sichern Gräben gegen Einsturz und schützen Personen.,"Bildungsplan Verkehrswegbau EFZ, Infra Suisse/SBFI",https://infra-suisse.ch/wp-content/uploads/2016/09/bildungsplan-2014_verkehrswegbau_efz_infra.pdf
strassenbau,Strassenbauer/in EFZ,stb_hk7,HK7,7.2,Bettung,medium,single_choice,Welche Aufgabe hat die Bettungsschicht bei Rohrleitungen?,Sie trägt und schützt das Rohr in richtiger Lage,Sie verschliesst die Öffnung des verlegten Rohrs,Sie ersetzt den ringsum eingebauten Schacht,Sie verhindert jede künftige Kontrollmöglichkeit,A,"Eine fachgerechte Bettung sichert Lage, Schutz und Funktion der Leitung.","Bildungsplan Verkehrswegbau EFZ, Infra Suisse/SBFI",https://infra-suisse.ch/wp-content/uploads/2016/09/bildungsplan-2014_verkehrswegbau_efz_infra.pdf
strassenbau,Strassenbauer/in EFZ,stb_hk7,HK7,7.2,Rohrverlegung,medium,single_choice,Was ist beim Verlegen von Kanalisationsrohren entscheidend?,"Richtige Höhenlage, Linie und Gefälle",Möglichst viele Richtungswechsel pro Strecke,Unkontrollierte und wechselnde Neigung,Direkt auf grossen Brocken im Graben verlegen,A,"Höhe, Linie und Gefälle bestimmen die Funktion der Leitung.","Bildungsplan Verkehrswegbau EFZ, Infra Suisse/SBFI",https://infra-suisse.ch/wp-content/uploads/2016/09/bildungsplan-2014_verkehrswegbau_efz_infra.pdf
strassenbau,Strassenbauer/in EFZ,stb_hk7,HK7,7.2,Schächte,medium,single_choice,Warum müssen Schachtabdeckungen auf Gefälle und Höhe versetzt werden?,"Damit sie bündig und entwässerungsgerecht liegen",Damit sie deutlich aus der Oberfläche hervorstehen,Damit Fahrzeuge den Schächten dauerhaft ausweichen,Damit Wasser auf der Oberfläche stehen bleibt,A,Schachtabdeckungen müssen zur fertigen Oberfläche und zum Gefälle passen.,"Bildungsplan Verkehrswegbau EFZ, Infra Suisse/SBFI",https://infra-suisse.ch/wp-content/uploads/2016/09/bildungsplan-2014_verkehrswegbau_efz_infra.pdf
strassenbau,Strassenbauer/in EFZ,stb_hk7,HK7,7.2,Kontrolle Leitung,hard,single_choice,Welche Folge kann eine falsche Rohrneigung haben?,"Ablagerungen, Rückstau, mangelhafte Entwässerung",Bessere Selbstreinigung der gesamten Leitung,Automatisch deutlich höhere Stabilität der Trasse,Spürbar geringerer Unterhalt über viele Jahre,A,Falsche Neigung beeinträchtigt die Funktion von Entwässerung und Kanalisation.,"Bildungsplan Verkehrswegbau EFZ, Infra Suisse/SBFI",https://infra-suisse.ch/wp-content/uploads/2016/09/bildungsplan-2014_verkehrswegbau_efz_infra.pdf
strassenbau,Strassenbauer/in EFZ,stb_hk7,HK7,7.3,Geotextilien,easy,single_choice,Wozu können Geotextilien im Strassenbau dienen?,"Trennen, Filtern oder Stabilisieren von Schichten",Vollständiger Ersatz aller Fundationsschichten,Einfärben des Belags in unterschiedlichen Farben,Tagesrapport für die ausgeführten Arbeiten,A,"Geotextilien werden je nach Produkt zum Trennen, Filtern, Schützen oder Stabilisieren eingesetzt.","Bildungsplan Verkehrswegbau EFZ, Infra Suisse/SBFI",https://infra-suisse.ch/wp-content/uploads/2016/09/bildungsplan-2014_verkehrswegbau_efz_infra.pdf
strassenbau,Strassenbauer/in EFZ,stb_hk7,HK7,7.3,Rohplanie,medium,single_choice,Was beschreibt eine profilgerechte Rohplanie?,"Grobe Planie mit richtiger Form und Höhe",Eine fertig verdichtete Asphaltdeckschicht,Eine Dilatationsfuge im Betonbelag,Eine offene Mulde für Bauabfall,A,Die Rohplanie bereitet Form und Höhe für weitere Schichten vor.,"Bildungsplan Verkehrswegbau EFZ, Infra Suisse/SBFI",https://infra-suisse.ch/wp-content/uploads/2016/09/bildungsplan-2014_verkehrswegbau_efz_infra.pdf
strassenbau,Strassenbauer/in EFZ,stb_hk7,HK7,7.3,Feinplanie,medium,single_choice,Warum muss die Feinplanie präzise erstellt werden?,"Sie steuert Ebenheit, Dicke und Folgequalität",Weil sie ausschliesslich optisch entscheidend ist,Weil für sie überhaupt keine Höhe gilt,Weil sie später nicht mehr belastet wird,A,Die Feinplanie beeinflusst die Genauigkeit und Qualität des Oberbaus.,"Bildungsplan Verkehrswegbau EFZ, Infra Suisse/SBFI",https://infra-suisse.ch/wp-content/uploads/2016/09/bildungsplan-2014_verkehrswegbau_efz_infra.pdf
strassenbau,Strassenbauer/in EFZ,stb_hk7,HK7,7.3,Verdichtung,medium,single_choice,Woran kann ungenügende Verdichtung visuell erkennbar sein?,Starke Radeindrücke und nachgebendes Material,Sauber gewaschene und gebügelte Warnkleidung,Ein neu erworbener Klappmeterstab der Equipe,Die Farbe und Bewölkung des Himmels,A,Radeindrücke und nachgebende Stellen können Hinweise auf ungenügende Verdichtung sein.,"Bildungsplan Verkehrswegbau EFZ, Infra Suisse/SBFI",https://infra-suisse.ch/wp-content/uploads/2016/09/bildungsplan-2014_verkehrswegbau_efz_infra.pdf
strassenbau,Strassenbauer/in EFZ,stb_hk7,HK7,7.3,Lebensdauer,hard,single_choice,Welche Faktoren beeinflussen die Lebensdauer eines Strassenoberbaus stark?,"Tragfähigkeit, Verdichtung, Material, Entwässerung",Nur die optische Farbe des fertigen Belags,Lediglich Länge und Häufigkeit der Pausen,Allein die Anzahl Mitarbeitender pro Schicht,A,"Strassenoberbau hält länger, wenn Material, Verdichtung, Tragfähigkeit und Entwässerung stimmen.","Bildungsplan Verkehrswegbau EFZ, Infra Suisse/SBFI",https://infra-suisse.ch/wp-content/uploads/2016/09/bildungsplan-2014_verkehrswegbau_efz_infra.pdf
strassenbau,Strassenbauer/in EFZ,stb_hk7,HK7,7.4,Randabschlüsse,easy,single_choice,Welche Funktion haben Randabschlüsse?,"Begrenzen, stabilisieren und Linien führen",Sie ersetzen vollständig die Fundationsschicht,Sie dienen nur als bequeme Sitzgelegenheit,Sie verhindern jede Form der Entwässerung,A,"Randabschlüsse begrenzen, stabilisieren und gestalten Verkehrsflächen.","Bildungsplan Verkehrswegbau EFZ, Infra Suisse/SBFI",https://infra-suisse.ch/wp-content/uploads/2016/09/bildungsplan-2014_verkehrswegbau_efz_infra.pdf
strassenbau,Strassenbauer/in EFZ,stb_hk7,HK7,7.4,Absteckung,medium,single_choice,Was ist vor dem Versetzen von Randabschlüssen zu kontrollieren?,"Höhe, Linie und Lage gemäss Plan",Nur die Farbe der eingebauten Steine,Lediglich ob genug Pausenzeit bleibt,Ob der Beton bereits eingebaut wurde,A,Randabschlüsse müssen nach korrekter Höhe und Linienführung versetzt werden.,"Bildungsplan Verkehrswegbau EFZ, Infra Suisse/SBFI",https://infra-suisse.ch/wp-content/uploads/2016/09/bildungsplan-2014_verkehrswegbau_efz_infra.pdf
strassenbau,Strassenbauer/in EFZ,stb_hk7,HK7,7.4,Fugen,medium,single_choice,Welche Aufgabe haben Dilatationsfugen?,Bewegungen aufnehmen und Schäden vermeiden,Sie erhöhen den Wasserstau in der Fläche,Sie ersetzen den umliegenden Beton bei Bedarf,Sie dienen nur der Beschriftung der Fläche,A,Dilatationsfugen ermöglichen Bewegungen und reduzieren Riss- oder Abplatzschäden.,"Bildungsplan Verkehrswegbau EFZ, Infra Suisse/SBFI",https://infra-suisse.ch/wp-content/uploads/2016/09/bildungsplan-2014_verkehrswegbau_efz_infra.pdf
strassenbau,Strassenbauer/in EFZ,stb_hk7,HK7,7.4,Betonverbundsteine,medium,single_choice,Was ist beim Verlegen von Betonverbundsteinen wichtig?,"Fugen, Ebenheit, Verband und Gefälle",Steine ungeordnet auf die Fläche werfen,Verlegen ohne jegliche Bettungsschicht,Das vorgegebene Gefälle bewusst ignorieren,A,"Qualität entsteht durch korrekten Verband, Fugenbild, Ebenheit und Gefälle.","Bildungsplan Verkehrswegbau EFZ, Infra Suisse/SBFI",https://infra-suisse.ch/wp-content/uploads/2016/09/bildungsplan-2014_verkehrswegbau_efz_infra.pdf
strassenbau,Strassenbauer/in EFZ,stb_hk7,HK7,7.4,Qualitätskontrolle,hard,single_choice,Welche Kontrolle ist nach Versetzarbeiten sinnvoll?,"Linie, Fugen, Höhe und Ebenheit prüfen",Lediglich übrig gebliebene Steine zählen,Keine Kontrolle wenn es gerade aussieht,Nur das eingesetzte Werkzeug reinigen,A,"Nach Versetzarbeiten müssen Linie, Höhe, Ebenheit und Fugen kontrolliert werden.","Bildungsplan Verkehrswegbau EFZ, Infra Suisse/SBFI",https://infra-suisse.ch/wp-content/uploads/2016/09/bildungsplan-2014_verkehrswegbau_efz_infra.pdf
strassenbau,Strassenbauer/in EFZ,stb_hk7,HK7,7.5,Belagseinbau,easy,single_choice,Was ist Walzasphalt?,"Bitumenmischgut, eingebaut und verdichtet","Ein hochfester reiner Zementbeton mit Fasern","Ein dekorativer Bodenbelag aus Hartholz","Ein wärmedämmender Mineralfaserstoff zum Einbau",A,"Walzasphalt ist ein bitumenhaltiger Belag, der eingebaut und mit Walzen verdichtet wird.","Bildungsplan Verkehrswegbau EFZ, Infra Suisse/SBFI",https://infra-suisse.ch/wp-content/uploads/2016/09/bildungsplan-2014_verkehrswegbau_efz_infra.pdf
strassenbau,Strassenbauer/in EFZ,stb_hk7,HK7,7.5,Belagsmenge,medium,single_choice,Welche Angaben braucht man grundsätzlich zur Berechnung einer Belagsmenge?,"Fläche, Schichtdicke und Materialkennwert",Nur die aktuelle Anzahl Arbeiter,Lediglich die Lufttemperatur in Grad,Allein die Farbe des fertigen Belags,A,"Belagsmengen werden aus Fläche, Dicke und Materialkennwerten abgeleitet.","Bildungsplan Verkehrswegbau EFZ, Infra Suisse/SBFI",https://infra-suisse.ch/wp-content/uploads/2016/09/bildungsplan-2014_verkehrswegbau_efz_infra.pdf
strassenbau,Strassenbauer/in EFZ,stb_hk7,HK7,7.5,Haftbrücke,medium,single_choice,Wozu dient ein Haftvermittler beim Belagseinbau?,Verbund zwischen Unterlage und neuer Schicht,Er ersetzt die anschliessende Verdichtung,Er kühlt den heissen Asphalt vollständig ab,Er macht ein Gefälle der Fläche überflüssig,A,Haftvermittler verbessert den Schichtenverbund.,"Bildungsplan Verkehrswegbau EFZ, Infra Suisse/SBFI",https://infra-suisse.ch/wp-content/uploads/2016/09/bildungsplan-2014_verkehrswegbau_efz_infra.pdf
strassenbau,Strassenbauer/in EFZ,stb_hk7,HK7,7.5,Fugen,medium,single_choice,Warum müssen Quer- und Längsfugen fachgerecht ausgebildet werden?,"Damit keine Schwachstellen oder Ausbrüche entstehen",Damit der Belag deutlich schneller auskühlt,Damit erheblich weniger Verdichtung nötig wird,Damit Unebenheiten in der Fläche grösser werden,A,"Fugen sind sensible Bereiche und müssen dicht, tragfähig und sauber ausgebildet sein.","Bildungsplan Verkehrswegbau EFZ, Infra Suisse/SBFI",https://infra-suisse.ch/wp-content/uploads/2016/09/bildungsplan-2014_verkehrswegbau_efz_infra.pdf
strassenbau,Strassenbauer/in EFZ,stb_hk7,HK7,7.5,Verdichten Asphalt,hard,single_choice,Warum muss Asphalt rechtzeitig verdichtet werden?,Weil er mit sinkender Temperatur schlechter wird,Weil er nach dem Einbau flüssig bleiben muss,Weil Verdichtung nur der Optik dient,Weil Verdichtung schon vor dem Einbau erfolgt,A,Asphalt muss im geeigneten Temperaturfenster verdichtet werden.,"Bildungsplan Verkehrswegbau EFZ, Infra Suisse/SBFI",https://infra-suisse.ch/wp-content/uploads/2016/09/bildungsplan-2014_verkehrswegbau_efz_infra.pdf
strassenbau,Strassenbauer/in EFZ,stb_hk7,HK7,7.5,Schachtabdeckung,medium,single_choice,Wann werden Schachtabdeckungen beim Belagseinbau auf definitive Höhe gebracht?,Vor oder mit dem definitiven Belagsniveau,Erst mehrere Jahre nach dem Einbau,Grundsätzlich nie nach dem Einbau,Stets sichtbar tiefer als die Fahrbahn,A,Schachtabdeckungen müssen zur fertigen Oberfläche passen.,"Bildungsplan Verkehrswegbau EFZ, Infra Suisse/SBFI",https://infra-suisse.ch/wp-content/uploads/2016/09/bildungsplan-2014_verkehrswegbau_efz_infra.pdf
strassenbau,Strassenbauer/in EFZ,stb_hk7,HK7,7.5,Einbaufehler,hard,single_choice,Welche Folge kann ungenügende Verdichtung von Asphalt haben?,"Spurrinnen, offene Struktur, kürzere Lebensdauer",Automatisch deutlich bessere Dichtigkeit,Vollkommen ohne Auswirkung auf den Belag,Höhere Tragfähigkeit ganz ohne Kontrolle,A,Ungenügende Verdichtung reduziert Dauerhaftigkeit und kann Verformungen verursachen.,"Bildungsplan Verkehrswegbau EFZ, Infra Suisse/SBFI",https://infra-suisse.ch/wp-content/uploads/2016/09/bildungsplan-2014_verkehrswegbau_efz_infra.pdf
strassenbau,Strassenbauer/in EFZ,stb_hk7,HK7,7.6,Belagssanierung,easy,single_choice,Was ist vor dem Ausfräsen einer Sanierungsstelle zu tun?,Sanierungsstelle gemäss Vorgabe anzeichnen,Belag ohne Plan und Markierung entfernen,Haftvermittler direkt auf den Schmutz spritzen,Die Schachtabdeckung ohne Plan ausbauen,A,Sanierungsflächen müssen vor dem Ausbau klar und fachgerecht angezeichnet werden.,"Bildungsplan Verkehrswegbau EFZ, Infra Suisse/SBFI",https://infra-suisse.ch/wp-content/uploads/2016/09/bildungsplan-2014_verkehrswegbau_efz_infra.pdf
strassenbau,Strassenbauer/in EFZ,stb_hk7,HK7,7.6,Sanierungsfläche,medium,single_choice,Warum muss eine Sanierungsfläche vor dem Einbau gereinigt werden?,Damit Haftvermittler und Belag gut haften,Damit der neue Belag weniger tragfähig wird,Damit darunter Wasser eingeschlossen bleibt,Damit gar keine Anschlussfuge nötig wird,A,Saubere Unterlagen sind Voraussetzung für Haftung und Qualität.,"Bildungsplan Verkehrswegbau EFZ, Infra Suisse/SBFI",https://infra-suisse.ch/wp-content/uploads/2016/09/bildungsplan-2014_verkehrswegbau_efz_infra.pdf
strassenbau,Strassenbauer/in EFZ,stb_hk7,HK7,7.6,Fugenausbildung,medium,single_choice,Welche Aufgabe haben Fugenband oder Fugenmasse bei Sanierungen?,Anschlüsse abdichten und Wassereintritt mindern,Sie ersetzen vollständig den eingebauten Asphalt,Sie verhindern jede Form der Temperaturänderung,Sie dienen ausschliesslich der Farbgebung,A,Fugenmaterial schützt Anschlussbereiche vor Wasser und Schäden.,"Bildungsplan Verkehrswegbau EFZ, Infra Suisse/SBFI",https://infra-suisse.ch/wp-content/uploads/2016/09/bildungsplan-2014_verkehrswegbau_efz_infra.pdf
strassenbau,Strassenbauer/in EFZ,stb_hk7,HK7,7.6,Asphaltarmierung,hard,single_choice,Wann kann Asphaltarmierung eingesetzt werden?,Gemäss Vorgabe zur Verstärkung oder Rissüberbrückung,Grundsätzlich immer anstelle der Verdichtung,Ausschliesslich als rein dekoratives Element,Niemals im Rahmen von Belagssanierungen,A,Asphaltarmierung kann je nach Schadensbild und Vorgabe zur Verstärkung eingesetzt werden.,"Bildungsplan Verkehrswegbau EFZ, Infra Suisse/SBFI",https://infra-suisse.ch/wp-content/uploads/2016/09/bildungsplan-2014_verkehrswegbau_efz_infra.pdf
strassenbau,Strassenbauer/in EFZ,stb_hk7,HK7,7.6,Entsorgung,medium,single_choice,Wie ist ausgebauter bitumenhaltiger Belag zu behandeln?,Umweltgerecht entsorgen oder verwerten gemäss Vorgaben,Einfach in die Kanalisation oder den Bach werfen,Mit Humus und Bauabfall vermischt deponieren,Direkt vor Ort offen auf der Baustelle verbrennen,A,Ausgebauter Belag muss gemäss Umwelt- und Entsorgungsvorgaben behandelt werden.,"Bildungsplan Verkehrswegbau EFZ, Infra Suisse/SBFI",https://infra-suisse.ch/wp-content/uploads/2016/09/bildungsplan-2014_verkehrswegbau_efz_infra.pdf
strassenbau,Strassenbauer/in EFZ,stb_hk7,HK7,7.6,Sanierungskontrolle,hard,single_choice,Was wird bei der visuellen Kontrolle einer sanierten Belagsfläche geprüft?,"Höhe, Lage, Gefälle, Struktur, Anschlüsse",Nur die Anzahl der eingesetzten Maschinen,Nur die Farbe der getragenen Warnwesten,Lediglich der Name des liefernden Mischwerks,A,"Die Kontrolle umfasst Oberfläche, Lage, Höhe, Gefälle und Anschlüsse.","Bildungsplan Verkehrswegbau EFZ, Infra Suisse/SBFI",https://infra-suisse.ch/wp-content/uploads/2016/09/bildungsplan-2014_verkehrswegbau_efz_infra.pdf
